timestamp,event_type,user,source_host,action,severity
2026-09-11T10:02:20,process_execution,rahul,PC-25,powershell,high
2026-09-11T10:06:10,credential_access,rahul,PC-25,credential_dump,high
2026-09-11T10:12:10,privilege_escalation,rahul,SRV-02,token_abuse,high
2026-09-11T10:30:46,service_start,priya,PC-12,powershell,low
2026-09-11T10:39:49,file_access,sanchi,PC-12,explorer,medium
2026-09-11T10:54:40,service_start,amit,PC-25,powershell,low
2026-09-11T10:56:36,software_update,priya,PC-07,powershell,medium
2026-09-11T11:21:50,process_exit,rahul,PC-12,powershell,low
2026-09-11T11:22:09,service_start,rahul,PC-12,chrome,low
2026-09-11T11:23:40,file_created,sanchi,PC-18,explorer,medium
2026-09-11T11:35:26,file_created,admin,PC-12,explorer,medium
2026-09-11T11:35:41,service_start,neha,PC-01,svchost,medium
2026-09-11T11:38:58,file_created,rahul,PC-07,svchost,medium
2026-09-11T11:50:53,file_access,priya,PC-25,explorer,low
2026-09-11T11:54:28,software_update,neha,PC-31,powershell,low
2026-09-11T11:54:55,process_exit,neha,PC-07,chrome,low
2026-09-11T12:10:52,software_update,neha,PC-18,backup,medium
2026-09-11T12:16:03,process_exit,priya,PC-07,explorer,medium
2026-09-11T12:17:50,process_execution,priya,PC-18,svchost,low
2026-09-11T12:18:50,service_start,admin,PC-18,powershell,low
2026-09-11T12:26:39,process_execution,rahul,PC-01,backup,low
2026-09-11T12:27:50,process_exit,amit,PC-25,powershell,low
2026-09-11T12:37:27,process_execution,admin,PC-31,backup,low
2026-09-11T12:40:37,software_update,admin,PC-25,powershell,medium
2026-09-11T12:56:29,file_access,sanchi,PC-25,chrome,low
2026-09-11T12:58:02,file_access,amit,PC-31,svchost,medium
2026-09-11T13:04:13,file_access,amit,PC-31,chrome,low
2026-09-11T13:09:28,process_execution,admin,PC-31,explorer,low
2026-09-11T13:17:16,service_start,admin,PC-01,powershell,low
2026-09-11T13:36:27,service_start,priya,PC-31,explorer,low
2026-09-11T13:36:39,file_created,priya,PC-01,powershell,low
2026-09-11T13:38:53,file_created,admin,PC-12,backup,low
2026-09-11T13:44:07,file_created,rahul,PC-12,svchost,medium
2026-09-11T13:44:34,file_access,neha,PC-12,explorer,low
2026-09-11T13:58:36,process_exit,amit,PC-31,explorer,low
2026-09-11T13:59:26,service_start,admin,PC-25,chrome,medium
2026-09-11T14:00:08,file_access,priya,PC-01,chrome,medium
2026-09-11T14:02:10,process_exit,admin,PC-25,chrome,low
2026-09-11T14:02:53,service_start,sanchi,PC-07,chrome,low
2026-09-11T14:13:40,process_exit,rahul,PC-07,explorer,medium
2026-09-11T14:14:52,process_execution,neha,PC-01,svchost,medium
2026-09-11T14:18:15,file_access,admin,PC-12,backup,medium
2026-09-11T14:26:14,process_exit,amit,PC-31,backup,medium
2026-09-11T14:27:01,file_created,admin,PC-12,backup,low
2026-09-11T14:33:26,process_exit,priya,PC-12,powershell,low
2026-09-11T14:51:26,process_exit,rahul,PC-12,svchost,low
2026-09-11T14:53:09,service_start,amit,PC-18,explorer,low
2026-09-11T14:56:30,file_access,rahul,PC-18,backup,low
2026-09-11T14:59:47,service_start,sanchi,PC-12,chrome,low
2026-09-11T15:00:18,file_access,rahul,PC-25,backup,medium
2026-09-11T15:09:55,process_execution,priya,PC-31,chrome,low
2026-09-11T15:13:38,process_execution,sanchi,PC-18,powershell,medium
2026-09-11T15:22:49,process_execution,priya,PC-07,powershell,low
2026-09-11T15:38:00,file_access,priya,PC-18,chrome,medium
2026-09-11T15:54:01,file_access,neha,PC-25,svchost,low
2026-09-11T15:54:26,process_exit,neha,PC-31,explorer,medium
2026-09-11T15:59:41,file_created,neha,PC-12,explorer,medium
2026-09-11T16:13:59,file_created,priya,PC-25,powershell,medium
2026-09-11T16:23:22,software_update,amit,PC-31,backup,medium
2026-09-11T16:24:00,software_update,rahul,PC-18,explorer,medium
2026-09-11T16:36:17,file_created,neha,PC-25,backup,low
2026-09-11T16:54:41,process_exit,neha,PC-18,backup,medium
2026-09-11T16:56:46,service_start,rahul,PC-18,backup,low
2026-09-11T17:00:00,process_exit,neha,PC-12,svchost,low
2026-09-11T17:14:50,software_update,amit,PC-25,powershell,low
2026-09-11T17:21:25,process_exit,amit,PC-12,svchost,low
2026-09-11T17:25:41,file_access,sanchi,PC-25,svchost,medium
2026-09-11T17:51:06,file_created,neha,PC-25,powershell,medium
2026-09-11T17:54:37,file_access,admin,PC-18,svchost,low
2026-09-11T18:34:30,service_start,admin,PC-12,svchost,low
2026-09-11T18:35:32,service_start,priya,PC-12,backup,low
2026-09-11T18:38:11,service_start,admin,PC-25,powershell,medium
2026-09-11T18:39:46,process_execution,amit,PC-12,explorer,medium
2026-09-11T18:40:52,process_exit,admin,PC-31,backup,low
2026-09-11T18:45:31,file_access,amit,PC-18,chrome,medium
2026-09-11T18:45:52,service_start,neha,PC-25,chrome,low
2026-09-11T18:46:44,file_created,priya,PC-31,chrome,medium
2026-09-11T18:52:05,file_access,neha,PC-25,chrome,low
2026-09-11T18:54:56,service_start,priya,PC-18,backup,low
2026-09-11T19:01:35,process_execution,neha,PC-01,svchost,medium
2026-09-11T19:10:29,process_exit,priya,PC-31,explorer,medium
2026-09-11T19:14:06,service_start,priya,PC-01,chrome,medium
2026-09-11T19:21:21,file_created,admin,PC-12,svchost,low
2026-09-11T19:31:22,file_created,priya,PC-12,explorer,low
2026-09-11T19:40:03,process_exit,priya,PC-25,explorer,low
2026-09-11T19:54:25,software_update,admin,PC-31,backup,medium
2026-09-11T19:56:58,service_start,priya,PC-12,svchost,low
2026-09-11T19:59:46,process_execution,priya,PC-01,backup,medium
2026-09-11T20:00:46,process_exit,amit,PC-31,powershell,medium
2026-09-11T20:02:40,software_update,neha,PC-01,chrome,low
2026-09-11T20:05:42,process_exit,neha,PC-07,svchost,low
2026-09-11T20:14:37,file_created,admin,PC-25,backup,medium
2026-09-11T20:22:43,service_start,rahul,PC-07,backup,low
2026-09-11T20:25:12,service_start,neha,PC-25,explorer,low
2026-09-11T20:28:20,service_start,amit,PC-12,chrome,low
2026-09-11T20:44:56,software_update,rahul,PC-31,svchost,low
2026-09-11T20:46:10,process_exit,rahul,PC-25,powershell,low
2026-09-11T20:50:08,file_access,sanchi,PC-31,backup,medium
2026-09-11T20:55:15,file_created,neha,PC-31,explorer,medium
2026-09-11T21:14:01,process_execution,admin,PC-01,backup,medium
2026-09-11T21:15:39,file_created,admin,PC-31,backup,medium
2026-09-11T21:16:02,service_start,admin,PC-07,powershell,medium
2026-09-11T21:16:17,file_created,amit,PC-18,svchost,low
2026-09-11T21:20:46,process_exit,priya,PC-12,powershell,low
2026-09-11T21:22:43,service_start,priya,PC-12,explorer,medium
2026-09-11T21:37:07,process_execution,neha,PC-18,svchost,medium
2026-09-11T21:38:09,file_created,priya,PC-12,chrome,medium
2026-09-11T21:49:28,software_update,neha,PC-25,svchost,low
2026-09-11T21:53:43,file_access,priya,PC-18,explorer,low
2026-09-11T21:56:27,file_access,amit,PC-12,backup,medium
2026-09-11T22:00:13,file_created,rahul,PC-25,backup,medium
2026-09-11T22:02:23,software_update,neha,PC-31,svchost,low
2026-09-11T22:07:35,process_exit,neha,PC-01,chrome,low
2026-09-11T22:11:54,file_created,sanchi,PC-18,powershell,medium
2026-09-11T22:15:40,process_exit,amit,PC-07,backup,low
2026-09-11T22:20:38,file_created,neha,PC-18,backup,medium
2026-09-11T22:33:57,process_execution,neha,PC-12,svchost,low
2026-09-11T22:34:28,service_start,admin,PC-07,powershell,low
2026-09-11T22:36:38,service_start,admin,PC-31,backup,low
2026-09-11T22:43:13,file_created,sanchi,PC-31,explorer,low
2026-09-11T22:47:57,file_created,admin,PC-01,svchost,medium
2026-09-11T22:48:49,service_start,amit,PC-01,backup,medium
2026-09-11T22:59:49,service_start,rahul,PC-31,svchost,low
2026-09-11T23:14:56,software_update,sanchi,PC-12,backup,medium
2026-09-11T23:19:03,process_execution,admin,PC-12,backup,low
2026-09-11T23:22:27,service_start,amit,PC-31,chrome,medium
2026-09-11T23:23:57,file_created,admin,PC-18,backup,medium
2026-09-11T23:34:03,process_execution,neha,PC-25,powershell,medium
2026-09-11T23:41:48,service_start,admin,PC-18,explorer,medium
2026-09-11T23:52:05,service_start,amit,PC-25,backup,medium
2026-09-12T00:03:35,file_access,rahul,PC-12,chrome,medium
2026-09-12T00:12:57,file_created,admin,PC-01,backup,medium
2026-09-12T00:20:29,process_exit,sanchi,PC-12,svchost,low
2026-09-12T00:29:31,service_start,sanchi,PC-31,explorer,low
2026-09-12T00:31:02,process_execution,admin,PC-31,svchost,medium
2026-09-12T00:54:25,file_access,amit,PC-01,svchost,low
2026-09-12T01:02:07,software_update,priya,PC-07,powershell,medium
2026-09-12T01:04:47,process_exit,sanchi,PC-07,chrome,medium
2026-09-12T01:06:21,process_exit,rahul,PC-18,svchost,low
2026-09-12T01:31:12,software_update,priya,PC-01,backup,low
2026-09-12T01:37:24,process_exit,amit,PC-25,powershell,low
2026-09-12T01:39:09,file_created,rahul,PC-12,powershell,medium
2026-09-12T01:39:30,software_update,admin,PC-07,svchost,medium
2026-09-12T01:40:40,process_exit,amit,PC-07,svchost,medium
2026-09-12T01:54:00,software_update,rahul,PC-07,powershell,medium
2026-09-12T01:55:40,software_update,rahul,PC-07,svchost,low
2026-09-12T01:56:17,process_exit,admin,PC-25,powershell,low
2026-09-12T02:06:01,service_start,priya,PC-12,powershell,low
2026-09-12T02:09:48,file_access,rahul,PC-25,powershell,medium
2026-09-12T02:14:07,software_update,amit,PC-31,explorer,medium
2026-09-12T02:19:59,process_execution,amit,PC-01,chrome,medium
2026-09-12T02:22:27,file_access,amit,PC-31,svchost,medium
2026-09-12T02:22:59,process_exit,admin,PC-31,svchost,low
2026-09-12T02:27:25,process_exit,amit,PC-07,chrome,medium
2026-09-12T02:30:59,file_created,sanchi,PC-31,powershell,medium
2026-09-12T02:33:29,file_created,sanchi,PC-31,svchost,medium
2026-09-12T02:40:36,process_execution,priya,PC-01,backup,medium
2026-09-12T02:44:20,process_exit,rahul,PC-12,backup,medium
2026-09-12T02:48:33,process_exit,sanchi,PC-18,powershell,medium
2026-09-12T02:54:59,file_created,priya,PC-18,explorer,low
2026-09-12T03:01:03,process_exit,amit,PC-07,chrome,low
2026-09-12T03:03:05,file_access,rahul,PC-07,backup,medium
2026-09-12T03:23:00,service_start,priya,PC-07,svchost,medium
2026-09-12T03:23:00,process_execution,sanchi,PC-07,svchost,medium
2026-09-12T03:25:01,service_start,amit,PC-18,explorer,medium
2026-09-12T03:28:08,file_created,sanchi,PC-25,svchost,medium
2026-09-12T03:42:16,file_access,neha,PC-07,explorer,low
2026-09-12T03:48:59,service_start,amit,PC-18,chrome,medium
2026-09-12T03:59:12,process_exit,rahul,PC-12,powershell,medium
2026-09-12T04:06:33,file_access,priya,PC-18,explorer,medium
2026-09-12T04:07:58,service_start,priya,PC-25,svchost,medium
2026-09-12T04:15:15,software_update,neha,PC-01,chrome,medium
2026-09-12T04:17:53,process_exit,priya,PC-07,powershell,low
2026-09-12T04:18:31,process_exit,rahul,PC-01,explorer,medium
2026-09-12T04:31:23,file_access,neha,PC-01,explorer,low
2026-09-12T04:40:51,file_access,priya,PC-31,chrome,low
2026-09-12T04:53:32,service_start,sanchi,PC-01,explorer,medium
2026-09-12T04:54:22,file_created,sanchi,PC-01,backup,low
2026-09-12T04:54:29,process_exit,admin,PC-07,powershell,low
2026-09-12T05:04:36,service_start,rahul,PC-18,svchost,low
2026-09-12T05:09:55,file_created,rahul,PC-31,backup,medium
2026-09-12T05:11:06,process_execution,priya,PC-12,explorer,medium
2026-09-12T05:23:26,process_exit,priya,PC-07,powershell,medium
2026-09-12T05:24:38,service_start,sanchi,PC-25,svchost,medium
2026-09-12T05:29:03,process_execution,priya,PC-31,explorer,medium
2026-09-12T05:32:25,software_update,rahul,PC-01,explorer,medium
2026-09-12T05:38:21,process_exit,sanchi,PC-25,svchost,low
2026-09-12T05:46:16,process_execution,admin,PC-12,explorer,medium
2026-09-12T06:04:20,file_access,priya,PC-25,explorer,medium
2026-09-12T06:15:10,service_start,sanchi,PC-01,powershell,low
2026-09-12T06:26:59,service_start,rahul,PC-12,backup,low
2026-09-12T06:29:43,process_execution,sanchi,PC-18,svchost,medium
2026-09-12T06:31:14,process_execution,rahul,PC-01,chrome,medium
2026-09-12T06:31:29,file_created,amit,PC-18,powershell,medium
2026-09-12T06:36:17,process_execution,priya,PC-31,powershell,medium
2026-09-12T06:45:47,service_start,amit,PC-07,powershell,medium
2026-09-12T07:06:05,file_access,sanchi,PC-31,chrome,medium
2026-09-12T07:14:43,process_exit,admin,PC-07,powershell,medium
2026-09-12T07:20:58,service_start,neha,PC-07,explorer,low
2026-09-12T07:23:03,file_access,priya,PC-31,backup,low
2026-09-12T07:37:00,process_exit,sanchi,PC-25,powershell,medium
2026-09-12T07:46:06,file_created,rahul,PC-31,svchost,low
2026-09-12T07:49:14,file_access,rahul,PC-01,svchost,low
2026-09-12T08:01:50,software_update,neha,PC-31,svchost,medium
2026-09-12T08:07:15,process_execution,priya,PC-18,explorer,low
2026-09-12T08:10:22,service_start,priya,PC-31,chrome,low
2026-09-12T08:13:51,software_update,sanchi,PC-31,explorer,low
2026-09-12T08:16:39,software_update,sanchi,PC-31,explorer,low
2026-09-12T08:23:30,software_update,amit,PC-25,backup,low
2026-09-12T08:24:18,file_access,admin,PC-07,svchost,medium
2026-09-12T08:36:21,file_created,sanchi,PC-31,explorer,low
2026-09-12T08:41:29,process_execution,priya,PC-25,explorer,low
2026-09-12T08:50:10,software_update,sanchi,PC-07,chrome,medium
2026-09-12T08:50:42,service_start,priya,PC-01,backup,low
2026-09-12T09:14:55,file_created,sanchi,PC-01,explorer,medium
2026-09-12T09:18:24,process_execution,admin,PC-12,backup,low
2026-09-12T09:20:40,process_exit,admin,PC-12,chrome,low
2026-09-12T09:21:49,process_execution,priya,PC-25,chrome,medium
2026-09-12T09:30:59,file_created,rahul,PC-01,powershell,low
2026-09-12T09:34:49,software_update,rahul,PC-31,svchost,medium
2026-09-12T09:42:24,software_update,neha,PC-25,powershell,low
2026-09-12T09:51:58,file_created,rahul,PC-07,backup,medium
2026-09-12T09:53:10,software_update,priya,PC-31,explorer,low
